time,lag04,lag03,lag02,lag01,lag00
5, 9.272727, 5.0625, 8.117647, 1.5625, 7.578947
6, 5.0625, 8.117647, 1.5625, 7.578947, 5.636364
7, 8.117647, 1.5625, 7.578947, 5.636364, 2.448276
8, 1.5625, 7.578947, 5.636364, 2.448276, 4.608696
9, 7.578947, 5.636364, 2.448276, 4.608696, 20.88889
10, 5.636364, 2.448276, 4.608696, 20.88889, 11.4
11, 2.448276, 4.608696, 20.88889, 11.4, 3.7
12, 4.608696, 20.88889, 11.4, 3.7, 8.833333
13, 20.88889, 11.4, 3.7, 8.833333, 9.16
14, 11.4, 3.7, 8.833333, 9.16, 1.166667
15, 3.7, 8.833333, 9.16, 1.166667, 1.9
16, 8.833333, 9.16, 1.166667, 1.9, 7
17, 9.16, 1.166667, 1.9, 7, 9.12
18, 1.166667, 1.9, 7, 9.12, 38.4
19, 1.9, 7, 9.12, 38.4, 12.13636
20, 7, 9.12, 38.4, 12.13636, 9.9375
21, 9.12, 38.4, 12.13636, 9.9375, 11.30303
22, 38.4, 12.13636, 9.9375, 11.30303, 21.0625
23, 12.13636, 9.9375, 11.30303, 21.0625, 12.15789
24, 9.9375, 11.30303, 21.0625, 12.15789, 20.69697
25, 11.30303, 21.0625, 12.15789, 20.69697, 18.44828
26, 21.0625, 12.15789, 20.69697, 18.44828, 14.21739
27, 12.15789, 20.69697, 18.44828, 14.21739, 11.11111
28, 20.69697, 18.44828, 14.21739, 11.11111, 6
29, 18.44828, 14.21739, 11.11111, 6, 11.2
30, 14.21739, 11.11111, 6, 11.2, 2.333333
31, 11.11111, 6, 11.2, 2.333333, 5.48
32, 6, 11.2, 2.333333, 5.48, 0
33, 11.2, 2.333333, 5.48, 0, 1.9
34, 2.333333, 5.48, 0, 1.9, 9
35, 5.48, 0, 1.9, 9, 7.833333
36, 0, 1.9, 9, 7.833333, 18.8
37, 1.9, 9, 7.833333, 18.8, 7.238095
38, 9, 7.833333, 18.8, 7.238095, 5.9375
39, 7.833333, 18.8, 7.238095, 5.9375, 7.970588
40, 18.8, 7.238095, 5.9375, 7.970588, 13.9375
41, 7.238095, 5.9375, 7.970588, 13.9375, 6.789474
42, 5.9375, 7.970588, 13.9375, 6.789474, 9.942857
43, 7.970588, 13.9375, 6.789474, 9.942857, 7.827586
44, 13.9375, 6.789474, 9.942857, 7.827586, 8.772727
45, 6.789474, 9.942857, 7.827586, 8.772727, 9.222222
46, 9.942857, 7.827586, 8.772727, 9.222222, 9.35
47, 7.827586, 8.772727, 9.222222, 9.35, 11.4
48, 8.772727, 9.222222, 9.35, 11.4, 4.333333
49, 9.222222, 9.35, 11.4, 4.333333, 6.36
50, 9.35, 11.4, 4.333333, 6.36, 2.5
51, 11.4, 4.333333, 6.36, 2.5, 0.5
52, 4.333333, 6.36, 2.5, 0.5, 8.333333
53, 6.36, 2.5, 0.5, 8.333333, 8.407407
54, 2.5, 0.5, 8.333333, 8.407407, 16.2
55, 0.5, 8.333333, 8.407407, 16.2, 17.35
56, 8.333333, 8.407407, 16.2, 17.35, 5.75
57, 8.407407, 16.2, 17.35, 5.75, 6.969697
58, 16.2, 17.35, 5.75, 6.969697, 7.625
59, 17.35, 5.75, 6.969697, 7.625, 6.578947
60, 5.75, 6.969697, 7.625, 6.578947, 6.529412
61, 6.969697, 7.625, 6.578947, 6.529412, 3.892857
62, 7.625, 6.578947, 6.529412, 3.892857, 5
63, 6.578947, 6.529412, 3.892857, 5, 1.888889
64, 6.529412, 3.892857, 5, 1.888889, 7.75
65, 3.892857, 5, 1.888889, 7.75, 2.157895
66, 5, 1.888889, 7.75, 2.157895, 1.666667
67, 1.888889, 7.75, 2.157895, 1.666667, 3.846154
68, 7.75, 2.157895, 1.666667, 3.846154, 2.333333
69, 2.157895, 1.666667, 3.846154, 2.333333, 6.9
70, 1.666667, 3.846154, 2.333333, 6.9, 0
71, 3.846154, 2.333333, 6.9, 0, 3.555556
72, 2.333333, 6.9, 0, 3.555556, 0
73, 6.9, 0, 3.555556, 0, 4.684211
74, 0, 3.555556, 0, 4.684211, 1.538462
75, 3.555556, 0, 4.684211, 1.538462, 0.7096774
76, 0, 4.684211, 1.538462, 0.7096774, 0.6111111
77, 4.684211, 1.538462, 0.7096774, 0.6111111, 6.529412
78, 1.538462, 0.7096774, 0.6111111, 6.529412, 11.9697
79, 0.7096774, 0.6111111, 6.529412, 11.9697, 12.53846
80, 0.6111111, 6.529412, 11.9697, 12.53846, 1.333333
81, 6.529412, 11.9697, 12.53846, 1.333333, 9.285714
82, 11.9697, 12.53846, 1.333333, 9.285714, 9.17647
83, 12.53846, 1.333333, 9.285714, 9.17647, 2.315789
84, 1.333333, 9.285714, 9.17647, 2.315789, 2.5
85, 9.285714, 9.17647, 2.315789, 2.5, 5.909091
86, 9.17647, 2.315789, 2.5, 5.909091, 0
87, 2.315789, 2.5, 5.909091, 0, 0.75
88, 2.5, 5.909091, 0, 0.75, 0
89, 5.909091, 0, 0.75, 0, 0.64
90, 0, 0.75, 0, 0.64, 1.333333
91, 0.75, 0, 0.64, 1.333333, 3.210526
92, 0, 0.64, 1.333333, 3.210526, 4.307692
93, 0.64, 1.333333, 3.210526, 4.307692, 1.5625
94, 1.333333, 3.210526, 4.307692, 1.5625, 3.647059
95, 3.210526, 4.307692, 1.5625, 3.647059, 5.3125
96, 4.307692, 1.5625, 3.647059, 5.3125, 5.96875
97, 1.5625, 3.647059, 5.3125, 5.96875, 1.933333
98, 3.647059, 5.3125, 5.96875, 1.933333, 4.590909
99, 5.3125, 5.96875, 1.933333, 4.590909, 0.2222222
100, 5.96875, 1.933333, 4.590909, 0.2222222, 3.904762
101, 1.933333, 4.590909, 0.2222222, 3.904762, 2.736842
102, 4.590909, 0.2222222, 3.904762, 2.736842, 16
103, 0.2222222, 3.904762, 2.736842, 16, 1.208333
104, 3.904762, 2.736842, 16, 1.208333, 1
105, 2.736842, 16, 1.208333, 1, 3.105263
106, 16, 1.208333, 1, 3.105263, 0
107, 1.208333, 1, 3.105263, 0, 3.64
108, 1, 3.105263, 0, 3.64, 0.3333333
109, 3.105263, 0, 3.64, 0.3333333, 7.181818
110, 0, 3.64, 0.3333333, 7.181818, 1.176471
111, 3.64, 0.3333333, 7.181818, 1.176471, 6.272727
112, 0.3333333, 7.181818, 1.176471, 6.272727, 3.588235
113, 7.181818, 1.176471, 6.272727, 3.588235, 7.444444
114, 1.176471, 6.272727, 3.588235, 7.444444, 20.20588
115, 6.272727, 3.588235, 7.444444, 20.20588, 6.137931
116, 3.588235, 7.444444, 20.20588, 6.137931, 7.727273
117, 7.444444, 20.20588, 6.137931, 7.727273, 6
118, 20.20588, 6.137931, 7.727273, 6, 13.4
119, 6.137931, 7.727273, 6, 13.4, 10.21053
120, 7.727273, 6, 13.4, 10.21053, 4.285714
121, 6, 13.4, 10.21053, 4.285714, 8.96
122, 13.4, 10.21053, 4.285714, 8.96, 7.833333
123, 10.21053, 4.285714, 8.96, 7.833333, 2.7
124, 4.285714, 8.96, 7.833333, 2.7, 2
125, 8.96, 7.833333, 2.7, 2, 1.96
126, 7.833333, 2.7, 2, 1.96, 0
127, 2.7, 2, 1.96, 0, 5.181818
128, 2, 1.96, 0, 5.181818, 0.5294118
129, 1.96, 0, 5.181818, 0.5294118, 15.12121
130, 0, 5.181818, 0.5294118, 15.12121, 5.411765
131, 5.181818, 0.5294118, 15.12121, 5.411765, 1.944444
132, 0.5294118, 15.12121, 5.411765, 1.944444, 13.03125
133, 15.12121, 5.411765, 1.944444, 13.03125, 0.5862069
134, 5.411765, 1.944444, 13.03125, 0.5862069, 1.590909
135, 1.944444, 13.03125, 0.5862069, 1.590909, 2.7
136, 13.03125, 0.5862069, 1.590909, 2.7, 3.05
137, 0.5862069, 1.590909, 2.7, 3.05, 6.31579
138, 1.590909, 2.7, 3.05, 6.31579, 3.285714
139, 2.7, 3.05, 6.31579, 3.285714, 1.12
140, 3.05, 6.31579, 3.285714, 1.12, 0
141, 6.31579, 3.285714, 1.12, 0, 7.35
142, 3.285714, 1.12, 0, 7.35, 0.5
143, 1.12, 0, 7.35, 0.5, 0.16
144, 0, 7.35, 0.5, 0.16, 0.5
145, 7.35, 0.5, 0.16, 0.5, 3.136364
146, 0.5, 0.16, 0.5, 3.136364, 1.588235
147, 0.16, 0.5, 3.136364, 1.588235, 11.28125
148, 0.5, 3.136364, 1.588235, 11.28125, 1.823529
149, 3.136364, 1.588235, 11.28125, 1.823529, 1.833333
150, 1.588235, 11.28125, 1.823529, 1.833333, 9.46875
151, 11.28125, 1.823529, 1.833333, 9.46875, 0.7586207
152, 1.823529, 1.833333, 9.46875, 0.7586207, 1
153, 1.833333, 9.46875, 0.7586207, 1, 0.2
154, 9.46875, 0.7586207, 1, 0.2, 2.7
155, 0.7586207, 1, 0.2, 2.7, 11.31579
156, 1, 0.2, 2.7, 11.31579, 0
157, 0.2, 2.7, 11.31579, 0, 5.08
158, 2.7, 11.31579, 0, 5.08, 1.166667
159, 11.31579, 0, 5.08, 1.166667, 6.85
160, 0, 5.08, 1.166667, 6.85, 5
161, 5.08, 1.166667, 6.85, 5, 2.04
162, 1.166667, 6.85, 5, 2.04, 1.666667
163, 6.85, 5, 2.04, 1.666667, 2.5
164, 5, 2.04, 1.666667, 2.5, 2.764706
165, 2.04, 1.666667, 2.5, 2.764706, 0.969697
166, 1.666667, 2.5, 2.764706, 0.969697, 0.8235294
167, 2.5, 2.764706, 0.969697, 0.8235294, 2.5
168, 2.764706, 0.969697, 0.8235294, 2.5, 6.029412
169, 0.969697, 0.8235294, 2.5, 6.029412, 8.655172
170, 0.8235294, 2.5, 6.029412, 8.655172, 4.181818
171, 2.5, 6.029412, 8.655172, 4.181818, 1.5
172, 6.029412, 8.655172, 4.181818, 1.5, 7.85
173, 8.655172, 4.181818, 1.5, 7.85, 1.684211
174, 4.181818, 1.5, 7.85, 1.684211, 5
175, 1.5, 7.85, 1.684211, 5, 14.6
176, 7.85, 1.684211, 5, 14.6, 2
177, 1.684211, 5, 14.6, 2, 8.7
178, 5, 14.6, 2, 8.7, 5.75
179, 14.6, 2, 8.7, 5.75, 0.48
180, 2, 8.7, 5.75, 0.48, 0
181, 8.7, 5.75, 0.48, 0, 4.045455
182, 5.75, 0.48, 0, 4.045455, 10.29412
183, 0.48, 0, 4.045455, 10.29412, 6.060606
184, 0, 4.045455, 10.29412, 6.060606, 10.35294
185, 4.045455, 10.29412, 6.060606, 10.35294, 8.833333
186, 10.29412, 6.060606, 10.35294, 8.833333, 15.63636
187, 6.060606, 10.35294, 8.833333, 15.63636, 16
188, 10.35294, 8.833333, 15.63636, 16, 15.90909
189, 8.833333, 15.63636, 16, 15.90909, 2.1
190, 15.63636, 16, 15.90909, 2.1, 30.75
191, 16, 15.90909, 2.1, 30.75, 30.21053
192, 15.90909, 2.1, 30.75, 30.21053, 11.85714
193, 2.1, 30.75, 30.21053, 11.85714, 17.92
194, 30.75, 30.21053, 11.85714, 17.92, 16.83333
195, 30.21053, 11.85714, 17.92, 16.83333, 22.2
196, 11.85714, 17.92, 16.83333, 22.2, 9
197, 17.92, 16.83333, 22.2, 9, 12.24
198, 16.83333, 22.2, 9, 12.24, 4.8
199, 22.2, 9, 12.24, 4.8, 3
200, 9, 12.24, 4.8, 3, 1.769231
201, 12.24, 4.8, 3, 1.769231, 4.533333
202, 4.8, 3, 1.769231, 4.533333, 8.421053
203, 3, 1.769231, 4.533333, 8.421053, 17.9375
204, 1.769231, 4.533333, 8.421053, 17.9375, 5.90625
205, 4.533333, 8.421053, 17.9375, 5.90625, 5.214286
206, 8.421053, 17.9375, 5.90625, 5.214286, 3.25
207, 17.9375, 5.90625, 5.214286, 3.25, 1.857143
208, 5.90625, 5.214286, 3.25, 1.857143, 17.29412
209, 5.214286, 3.25, 1.857143, 17.29412, 9.31579
210, 3.25, 1.857143, 17.29412, 9.31579, 3.333333
211, 1.857143, 17.29412, 9.31579, 3.333333, 10.3913
212, 17.29412, 9.31579, 3.333333, 10.3913, 0
213, 9.31579, 3.333333, 10.3913, 0, 0
214, 3.333333, 10.3913, 0, 0, 0
215, 10.3913, 0, 0, 0, 0.3913043
216, 0, 0, 0, 0.3913043, 13.85714
217, 0, 0, 0.3913043, 13.85714, 3.210526
218, 0, 0.3913043, 13.85714, 3.210526, 6.785714
219, 0.3913043, 13.85714, 3.210526, 6.785714, 3.53125
220, 13.85714, 3.210526, 6.785714, 3.53125, 12.76471
221, 3.210526, 6.785714, 3.53125, 12.76471, 17.4
222, 6.785714, 3.53125, 12.76471, 17.4, 13.87879
223, 3.53125, 12.76471, 17.4, 13.87879, 25.06667
224, 12.76471, 17.4, 13.87879, 25.06667, 23.18182
225, 17.4, 13.87879, 25.06667, 23.18182, 37
226, 13.87879, 25.06667, 23.18182, 37, 13.61905
227, 25.06667, 23.18182, 37, 13.61905, 12.42105
228, 23.18182, 37, 13.61905, 12.42105, 2.571429
229, 37, 13.61905, 12.42105, 2.571429, 5.083333
230, 13.61905, 12.42105, 2.571429, 5.083333, 7.714286
231, 12.42105, 2.571429, 5.083333, 7.714286, 16.89474
232, 2.571429, 5.083333, 7.714286, 16.89474, 0
233, 5.083333, 7.714286, 16.89474, 0, 5
234, 7.714286, 16.89474, 0, 5, 0
235, 16.89474, 0, 5, 0, 0.04545455
236, 0, 5, 0, 0.04545455, 1.352941
237, 5, 0, 0.04545455, 1.352941, 2.030303
238, 0, 0.04545455, 1.352941, 2.030303, 4.705882
239, 0.04545455, 1.352941, 2.030303, 4.705882, 2.833333
240, 1.352941, 2.030303, 4.705882, 2.833333, 3.121212
241, 2.030303, 4.705882, 2.833333, 3.121212, 7.793103
242, 4.705882, 2.833333, 3.121212, 7.793103, 0.8181818
243, 2.833333, 3.121212, 7.793103, 0.8181818, 9.3
244, 3.121212, 7.793103, 0.8181818, 9.3, 4.8
245, 7.793103, 0.8181818, 9.3, 4.8, 2.631579
246, 0.8181818, 9.3, 4.8, 2.631579, 8.428571
247, 9.3, 4.8, 2.631579, 8.428571, 5.041667
248, 4.8, 2.631579, 8.428571, 5.041667, 14
249, 2.631579, 8.428571, 5.041667, 14, 4.1
250, 8.428571, 5.041667, 14, 4.1, 0.75
251, 5.041667, 14, 4.1, 0.75, 3.64
252, 14, 4.1, 0.75, 3.64, 7.333333
253, 4.1, 0.75, 3.64, 7.333333, 4.434783
254, 0.75, 3.64, 7.333333, 4.434783, 1.944444
255, 3.64, 7.333333, 4.434783, 1.944444, 2.5
256, 7.333333, 4.434783, 1.944444, 2.5, 4.411765
257, 4.434783, 1.944444, 2.5, 4.411765, 10.7
258, 1.944444, 2.5, 4.411765, 10.7, 20.37931
259, 2.5, 4.411765, 10.7, 20.37931, 22.76667
260, 4.411765, 10.7, 20.37931, 22.76667, 23.86957
261, 10.7, 20.37931, 22.76667, 23.86957, 19
262, 20.37931, 22.76667, 23.86957, 19, 27.11111
263, 22.76667, 23.86957, 19, 27.11111, 26.35
264, 23.86957, 19, 27.11111, 26.35, 26.11111
265, 19, 27.11111, 26.35, 26.11111, 29.73077
266, 27.11111, 26.35, 26.11111, 29.73077, 30
267, 26.35, 26.11111, 29.73077, 30, 32.95455
268, 26.11111, 29.73077, 30, 32.95455, 18
269, 29.73077, 30, 32.95455, 18, 12.625
270, 30, 32.95455, 18, 12.625, 1.428571
271, 32.95455, 18, 12.625, 1.428571, 5.869565
272, 18, 12.625, 1.428571, 5.869565, 8.666667
273, 12.625, 1.428571, 5.869565, 8.666667, 3.193548
274, 1.428571, 5.869565, 8.666667, 3.193548, 10.94118
275, 5.869565, 8.666667, 3.193548, 10.94118, 6.35
276, 8.666667, 3.193548, 10.94118, 6.35, 1.931034
277, 3.193548, 10.94118, 6.35, 1.931034, 7.8
278, 10.94118, 6.35, 1.931034, 7.8, 2.565217
279, 6.35, 1.931034, 7.8, 2.565217, 4.454545
280, 1.931034, 7.8, 2.565217, 4.454545, 4.444444
281, 7.8, 2.565217, 4.454545, 4.444444, 9.6
282, 2.565217, 4.454545, 4.444444, 9.6, 20.88889
283, 4.454545, 4.444444, 9.6, 20.88889, 9.192308
284, 4.444444, 9.6, 20.88889, 9.192308, 14.5
285, 9.6, 20.88889, 9.192308, 14.5, 3.181818
286, 20.88889, 9.192308, 14.5, 3.181818, 30
287, 9.192308, 14.5, 3.181818, 30, 0.9583333
288, 14.5, 3.181818, 30, 0.9583333, 7.142857
289, 3.181818, 30, 0.9583333, 7.142857, 1.565217
290, 30, 0.9583333, 7.142857, 1.565217, 2.833333
291, 0.9583333, 7.142857, 1.565217, 2.833333, 15.45161
292, 7.142857, 1.565217, 2.833333, 15.45161, 8.333333
293, 1.565217, 2.833333, 15.45161, 8.333333, 13
294, 2.833333, 15.45161, 8.333333, 13, 15.5
295, 15.45161, 8.333333, 13, 15.5, 7.32258
296, 8.333333, 13, 15.5, 7.32258, 10.21739
297, 13, 15.5, 7.32258, 10.21739, 9.454545
298, 15.5, 7.32258, 10.21739, 9.454545, 8.666667
299, 7.32258, 10.21739, 9.454545, 8.666667, 27.8
300, 10.21739, 9.454545, 8.666667, 27.8, 18.66667
301, 9.454545, 8.666667, 27.8, 18.66667, 6.923077
302, 8.666667, 27.8, 18.66667, 6.923077, 18.5
303, 27.8, 18.66667, 6.923077, 18.5, 43.54545
304, 18.66667, 6.923077, 18.5, 43.54545, 29.33333
305, 6.923077, 18.5, 43.54545, 29.33333, 20.95833
306, 18.5, 43.54545, 29.33333, 20.95833, 22.42857
307, 43.54545, 29.33333, 20.95833, 22.42857, 18.47826
308, 29.33333, 20.95833, 22.42857, 18.47826, 10.5
309, 20.95833, 22.42857, 18.47826, 10.5, 15.35484
310, 22.42857, 18.47826, 10.5, 15.35484, 14.22222
311, 18.47826, 10.5, 15.35484, 14.22222, 36.45
312, 10.5, 15.35484, 14.22222, 36.45, 23.9
313, 15.35484, 14.22222, 36.45, 23.9, 41.16129
314, 14.22222, 36.45, 23.9, 41.16129, 67.30435
315, 36.45, 23.9, 41.16129, 67.30435, 44.81818
316, 23.9, 41.16129, 67.30435, 44.81818, 51.05556
317, 41.16129, 67.30435, 44.81818, 51.05556, 38.6
318, 67.30435, 44.81818, 51.05556, 38.6, 76.22222
319, 44.81818, 51.05556, 38.6, 76.22222, 39.53846
320, 51.05556, 38.6, 76.22222, 39.53846, 40.625
321, 38.6, 76.22222, 39.53846, 40.625, 41.72727
322, 76.22222, 39.53846, 40.625, 41.72727, 15
323, 39.53846, 40.625, 41.72727, 15, 11.95833
324, 40.625, 41.72727, 15, 11.95833, 26
325, 41.72727, 15, 11.95833, 26, 8.181818
326, 15, 11.95833, 26, 8.181818, 1.4
327, 11.95833, 26, 8.181818, 1.4, 8.903226
328, 26, 8.181818, 1.4, 8.903226, 9.105263
329, 8.181818, 1.4, 8.903226, 9.105263, 23.05556
330, 1.4, 8.903226, 9.105263, 23.05556, 17.10345
331, 8.903226, 9.105263, 23.05556, 17.10345, 19.03333
332, 9.105263, 23.05556, 17.10345, 19.03333, 12.84211
333, 23.05556, 17.10345, 19.03333, 12.84211, 32.4
334, 17.10345, 19.03333, 12.84211, 32.4, 33.125
335, 19.03333, 12.84211, 32.4, 33.125, 7.866667
336, 12.84211, 32.4, 33.125, 7.866667, 31.875
337, 32.4, 33.125, 7.866667, 31.875, 23.79167
338, 33.125, 7.866667, 31.875, 23.79167, 14.8
339, 7.866667, 31.875, 23.79167, 14.8, 13.06667
340, 31.875, 23.79167, 14.8, 13.06667, 0.3333333
341, 23.79167, 14.8, 13.06667, 0.3333333, 3.863636
342, 14.8, 13.06667, 0.3333333, 3.863636, 11.85714
343, 13.06667, 0.3333333, 3.863636, 11.85714, 1.578947
344, 0.3333333, 3.863636, 11.85714, 1.578947, 8.333333
345, 3.863636, 11.85714, 1.578947, 8.333333, 3.233333
346, 11.85714, 1.578947, 8.333333, 3.233333, 10.05556
347, 1.578947, 8.333333, 3.233333, 10.05556, 12.5
348, 8.333333, 3.233333, 10.05556, 12.5, 9.5
349, 3.233333, 10.05556, 12.5, 9.5, 11.26667
350, 10.05556, 12.5, 9.5, 11.26667, 11
351, 12.5, 9.5, 11.26667, 11, 1.181818
352, 9.5, 11.26667, 11, 1.181818, 20.66667
353, 11.26667, 11, 1.181818, 20.66667, 11.94737
354, 11, 1.181818, 20.66667, 11.94737, 8.75
355, 1.181818, 20.66667, 11.94737, 8.75, 9.807692
356, 20.66667, 11.94737, 8.75, 9.807692, 3.142857
357, 11.94737, 8.75, 9.807692, 3.142857, 7.545455
358, 8.75, 9.807692, 3.142857, 7.545455, 0.6666667
359, 9.807692, 3.142857, 7.545455, 0.6666667, 2.304348
360, 3.142857, 7.545455, 0.6666667, 2.304348, 8.571429
361, 7.545455, 0.6666667, 2.304348, 8.571429, 3.347826
362, 0.6666667, 2.304348, 8.571429, 3.347826, 2.611111
363, 2.304348, 8.571429, 3.347826, 2.611111, 16.25806
364, 8.571429, 3.347826, 2.611111, 16.25806, 13
365, 3.347826, 2.611111, 16.25806, 13, 17.45
366, 2.611111, 16.25806, 13, 17.45, 28.36667
367, 16.25806, 13, 17.45, 28.36667, 26.22581
368, 13, 17.45, 28.36667, 26.22581, 25.21739
369, 17.45, 28.36667, 26.22581, 25.21739, 11.63636
370, 28.36667, 26.22581, 25.21739, 11.63636, 40.44444
371, 26.22581, 25.21739, 11.63636, 40.44444, 15.7
372, 25.21739, 11.63636, 40.44444, 15.7, 13.44444
373, 11.63636, 40.44444, 15.7, 13.44444, 12.65385
374, 40.44444, 15.7, 13.44444, 12.65385, 20.875
375, 15.7, 13.44444, 12.65385, 20.875, 14.5
376, 13.44444, 12.65385, 20.875, 14.5, 23.33333
377, 12.65385, 20.875, 14.5, 23.33333, 8.625
378, 20.875, 14.5, 23.33333, 8.625, 13.14286
379, 14.5, 23.33333, 8.625, 13.14286, 1.73913
380, 23.33333, 8.625, 13.14286, 1.73913, 2.055556
381, 8.625, 13.14286, 1.73913, 2.055556, 5.967742
382, 13.14286, 1.73913, 2.055556, 5.967742, 12.55556
383, 1.73913, 2.055556, 5.967742, 12.55556, 8.947368
384, 2.055556, 5.967742, 12.55556, 8.947368, 8.066667
385, 5.967742, 12.55556, 8.947368, 8.066667, 11.54839
386, 12.55556, 8.947368, 8.066667, 11.54839, 10.26087
387, 8.947368, 8.066667, 11.54839, 10.26087, 14.72727
388, 8.066667, 11.54839, 10.26087, 14.72727, 11.61111
389, 11.54839, 10.26087, 14.72727, 11.61111, 8.5
390, 10.26087, 14.72727, 11.61111, 8.5, 20.44444
391, 14.72727, 11.61111, 8.5, 20.44444, 13.19231
392, 11.61111, 8.5, 20.44444, 13.19231, 20.625
393, 8.5, 20.44444, 13.19231, 20.625, 24.72727
394, 20.44444, 13.19231, 20.625, 24.72727, 25.33333
395, 13.19231, 20.625, 24.72727, 25.33333, 5
396, 20.625, 24.72727, 25.33333, 5, 1.285714
397, 24.72727, 25.33333, 5, 1.285714, 6.434783
398, 25.33333, 5, 1.285714, 6.434783, 6.444444
399, 5, 1.285714, 6.434783, 6.444444, 3.633333
400, 1.285714, 6.434783, 6.444444, 3.633333, 5.166667
401, 6.434783, 6.444444, 3.633333, 5.166667, 5.947368
402, 6.444444, 3.633333, 5.166667, 5.947368, 13.5
403, 3.633333, 5.166667, 5.947368, 13.5, 13.64516
404, 5.166667, 5.947368, 13.5, 13.64516, 10.52174
405, 5.947368, 13.5, 13.64516, 10.52174, 1.818182
406, 13.5, 13.64516, 10.52174, 1.818182, 12.88889
407, 13.64516, 10.52174, 1.818182, 12.88889, 8.3
408, 10.52174, 1.818182, 12.88889, 8.3, 20.55556
409, 1.818182, 12.88889, 8.3, 20.55556, 12.96154
410, 12.88889, 8.3, 20.55556, 12.96154, 4
411, 8.3, 20.55556, 12.96154, 4, 3.818182
412, 20.55556, 12.96154, 4, 3.818182, 0
413, 12.96154, 4, 3.818182, 0, 2.625
414, 4, 3.818182, 0, 2.625, 10.57143
415, 3.818182, 0, 2.625, 10.57143, 10.16667
416, 0, 2.625, 10.57143, 10.16667, 9.777778
417, 2.625, 10.57143, 10.16667, 9.777778, 5.741935
418, 10.57143, 10.16667, 9.777778, 5.741935, 13.55556
419, 10.16667, 9.777778, 5.741935, 13.55556, 12.63158
420, 9.777778, 5.741935, 13.55556, 12.63158, 10.93333
421, 5.741935, 13.55556, 12.63158, 10.93333, 31.54839
422, 13.55556, 12.63158, 10.93333, 31.54839, 19.91304
423, 12.63158, 10.93333, 31.54839, 19.91304, 6.818182
424, 10.93333, 31.54839, 19.91304, 6.818182, 10.55556
425, 31.54839, 19.91304, 6.818182, 10.55556, 8.75
426, 19.91304, 6.818182, 10.55556, 8.75, 5.111111
427, 6.818182, 10.55556, 8.75, 5.111111, 7.423077
428, 10.55556, 8.75, 5.111111, 7.423077, 9.5
429, 8.75, 5.111111, 7.423077, 9.5, 5.045455
430, 5.111111, 7.423077, 9.5, 5.045455, 23.33333
431, 7.423077, 9.5, 5.045455, 23.33333, 17.625
432, 9.5, 5.045455, 23.33333, 17.625, 14.28571
433, 5.045455, 23.33333, 17.625, 14.28571, 4
434, 23.33333, 17.625, 14.28571, 4, 2.277778
435, 17.625, 14.28571, 4, 2.277778, 5.580645
436, 14.28571, 4, 2.277778, 5.580645, 3.666667
437, 4, 2.277778, 5.580645, 3.666667, 10.95
438, 2.277778, 5.580645, 3.666667, 10.95, 11.6
439, 5.580645, 3.666667, 10.95, 11.6, 14.64516
440, 3.666667, 10.95, 11.6, 14.64516, 8.608696
441, 10.95, 11.6, 14.64516, 8.608696, 2
442, 11.6, 14.64516, 8.608696, 2, 7.777778
443, 14.64516, 8.608696, 2, 7.777778, 10.95
444, 8.608696, 2, 7.777778, 10.95, 15.66667
445, 2, 7.777778, 10.95, 15.66667, 8.461538
446, 7.777778, 10.95, 15.66667, 8.461538, 1.75
447, 10.95, 15.66667, 8.461538, 1.75, 4.5
448, 15.66667, 8.461538, 1.75, 4.5, 5.75
449, 8.461538, 1.75, 4.5, 5.75, 3.166667
450, 1.75, 4.5, 5.75, 3.166667, 6.333333
451, 4.5, 5.75, 3.166667, 6.333333, 4.136364
452, 5.75, 3.166667, 6.333333, 4.136364, 3.466667
453, 3.166667, 6.333333, 4.136364, 3.466667, 1.354839
454, 6.333333, 4.136364, 3.466667, 1.354839, 2.052632
455, 4.136364, 3.466667, 1.354839, 2.052632, 30.94444
456, 3.466667, 1.354839, 2.052632, 30.94444, 18.68966
457, 1.354839, 2.052632, 30.94444, 18.68966, 18.54839
458, 2.052632, 30.94444, 18.68966, 18.54839, 16.94737
459, 30.94444, 18.68966, 18.54839, 16.94737, 17.2
460, 18.68966, 18.54839, 16.94737, 17.2, 6.1875
461, 18.54839, 16.94737, 17.2, 6.1875, 16.3125
462, 16.94737, 17.2, 6.1875, 16.3125, 16
463, 17.2, 6.1875, 16.3125, 16, 6.130435
464, 6.1875, 16.3125, 16, 6.130435, 3.2
465, 16.3125, 16, 6.130435, 3.2, 2.5625
466, 16, 6.130435, 3.2, 2.5625, 27.33333
467, 6.130435, 3.2, 2.5625, 27.33333, 1.818182
468, 3.2, 2.5625, 27.33333, 1.818182, 16.71429
469, 2.5625, 27.33333, 1.818182, 16.71429, 8
470, 27.33333, 1.818182, 16.71429, 8, 2.6
471, 1.818182, 16.71429, 8, 2.6, 9.774194
472, 16.71429, 8, 2.6, 9.774194, 5.333333
473, 8, 2.6, 9.774194, 5.333333, 37.05
474, 2.6, 9.774194, 5.333333, 37.05, 27.96667
475, 9.774194, 5.333333, 37.05, 27.96667, 51.64516
476, 5.333333, 37.05, 27.96667, 51.64516, 37.26087
477, 37.05, 27.96667, 51.64516, 37.26087, 34.63636
478, 27.96667, 51.64516, 37.26087, 34.63636, 23.77778
479, 51.64516, 37.26087, 34.63636, 23.77778, 38.3
480, 37.26087, 34.63636, 23.77778, 38.3, 25.44444
481, 34.63636, 23.77778, 38.3, 25.44444, 40.80769
482, 23.77778, 38.3, 25.44444, 40.80769, 48
483, 38.3, 25.44444, 40.80769, 48, 39.81818
484, 25.44444, 40.80769, 48, 39.81818, 4
485, 40.80769, 48, 39.81818, 4, 16.83333
486, 48, 39.81818, 4, 16.83333, 4
487, 39.81818, 4, 16.83333, 4, 1.130435
488, 4, 16.83333, 4, 1.130435, 12.66667
489, 16.83333, 4, 1.130435, 12.66667, 8
490, 4, 1.130435, 12.66667, 8, 17.38889
491, 1.130435, 12.66667, 8, 17.38889, 4.55
492, 12.66667, 8, 17.38889, 4.55, 16.56667
493, 8, 17.38889, 4.55, 16.56667, 22.3871
494, 17.38889, 4.55, 16.56667, 22.3871, 7.608696
495, 4.55, 16.56667, 22.3871, 7.608696, 11.81818
496, 16.56667, 22.3871, 7.608696, 11.81818, 0.3888889
497, 22.3871, 7.608696, 11.81818, 0.3888889, 4.25
498, 7.608696, 11.81818, 0.3888889, 4.25, 7.555556
499, 11.81818, 0.3888889, 4.25, 7.555556, 0.64
500, 0.3888889, 4.25, 7.555556, 0.64, 2.555556
501, 4.25, 7.555556, 0.64, 2.555556, 10.22727
502, 7.555556, 0.64, 2.555556, 10.22727, 19.33333
503, 0.64, 2.555556, 10.22727, 19.33333, 12.95833
504, 2.555556, 10.22727, 19.33333, 12.95833, 2.714286
505, 10.22727, 19.33333, 12.95833, 2.714286, 0.3913043
506, 19.33333, 12.95833, 2.714286, 0.3913043, 1.388889
507, 12.95833, 2.714286, 0.3913043, 1.388889, 3.290323
508, 2.714286, 0.3913043, 1.388889, 3.290323, 11.11111
509, 0.3913043, 1.388889, 3.290323, 11.11111, 6.578947
510, 1.388889, 3.290323, 11.11111, 6.578947, 8.6
511, 3.290323, 11.11111, 6.578947, 8.6, 6.870968
512, 11.11111, 6.578947, 8.6, 6.870968, 10.91304
513, 6.578947, 8.6, 6.870968, 10.91304, 8.3
514, 8.6, 6.870968, 10.91304, 8.3, 8.888889
515, 6.870968, 10.91304, 8.3, 8.888889, 5.1
516, 10.91304, 8.3, 8.888889, 5.1, 6.222222
517, 8.3, 8.888889, 5.1, 6.222222, 7.038462
518, 8.888889, 5.1, 6.222222, 7.038462, 13.125
519, 5.1, 6.222222, 7.038462, 13.125, 4.272727
520, 6.222222, 7.038462, 13.125, 4.272727, 2.666667
521, 7.038462, 13.125, 4.272727, 2.666667, 6.208333
522, 13.125, 4.272727, 2.666667, 6.208333, 3.166667
523, 4.272727, 2.666667, 6.208333, 3.166667, 0.7727273
524, 2.666667, 6.208333, 3.166667, 0.7727273, 0.7222222
525, 6.208333, 3.166667, 0.7727273, 0.7222222, 3.366667
526, 3.166667, 0.7727273, 0.7222222, 3.366667, 5.111111
527, 0.7727273, 0.7222222, 3.366667, 5.111111, 8.105263
528, 0.7222222, 3.366667, 5.111111, 8.105263, 7.166667
529, 3.366667, 5.111111, 8.105263, 7.166667, 4
530, 5.111111, 8.105263, 7.166667, 4, 12.43478
531, 8.105263, 7.166667, 4, 12.43478, 7.727273
532, 7.166667, 4, 12.43478, 7.727273, 1.277778
533, 4, 12.43478, 7.727273, 1.277778, 5.05
534, 12.43478, 7.727273, 1.277778, 5.05, 4
535, 7.727273, 1.277778, 5.05, 4, 6.384615
536, 1.277778, 5.05, 4, 6.384615, 2.75
537, 5.05, 4, 6.384615, 2.75, 5
538, 4, 6.384615, 2.75, 5, 1.666667
539, 6.384615, 2.75, 5, 1.666667, 2.541667
540, 2.75, 5, 1.666667, 2.541667, 17.14286
541, 5, 1.666667, 2.541667, 17.14286, 1.086957
542, 1.666667, 2.541667, 17.14286, 1.086957, 1.055556
543, 2.541667, 17.14286, 1.086957, 1.055556, 6.774194
544, 17.14286, 1.086957, 1.055556, 6.774194, 0.9444444
545, 1.086957, 1.055556, 6.774194, 0.9444444, 3.7
546, 1.055556, 6.774194, 0.9444444, 3.7, 11.43333
547, 6.774194, 0.9444444, 3.7, 11.43333, 4.129032
548, 0.9444444, 3.7, 11.43333, 4.129032, 5.043478
549, 3.7, 11.43333, 4.129032, 5.043478, 0.1818182
550, 11.43333, 4.129032, 5.043478, 0.1818182, 0.2777778
551, 4.129032, 5.043478, 0.1818182, 0.2777778, 13.16667
552, 5.043478, 0.1818182, 0.2777778, 13.16667, 3
553, 0.1818182, 0.2777778, 13.16667, 3, 8.384615
554, 0.2777778, 13.16667, 3, 8.384615, 6.125
555, 13.16667, 3, 8.384615, 6.125, 9.772727
556, 3, 8.384615, 6.125, 9.772727, 2
557, 8.384615, 6.125, 9.772727, 2, 5.791667
558, 6.125, 9.772727, 2, 5.791667, 7
559, 9.772727, 2, 5.791667, 7, 5.347826
560, 2, 5.791667, 7, 5.347826, 1.117647
561, 5.791667, 7, 5.347826, 1.117647, 5.6875
562, 7, 5.347826, 1.117647, 5.6875, 6.555556
563, 5.347826, 1.117647, 5.6875, 6.555556, 4.578947
564, 1.117647, 5.6875, 6.555556, 4.578947, 16.96667
565, 5.6875, 6.555556, 4.578947, 16.96667, 20.41935
566, 6.555556, 4.578947, 16.96667, 20.41935, 16.43478
567, 4.578947, 16.96667, 20.41935, 16.43478, 11.7
568, 16.96667, 20.41935, 16.43478, 11.7, 10.63158
569, 20.41935, 16.43478, 11.7, 10.63158, 14.7
570, 16.43478, 11.7, 10.63158, 14.7, 20.11111
571, 11.7, 10.63158, 14.7, 20.11111, 10.12
572, 10.63158, 14.7, 20.11111, 10.12, 2
573, 14.7, 20.11111, 10.12, 2, 14.80952
574, 20.11111, 10.12, 2, 14.80952, 3.2
575, 10.12, 2, 14.80952, 3.2, 4.56
576, 2, 14.80952, 3.2, 4.56, 13.8
577, 14.80952, 3.2, 4.56, 13.8, 4.952381
578, 3.2, 4.56, 13.8, 4.952381, 7
579, 4.56, 13.8, 4.952381, 7, 5.233333
580, 13.8, 4.952381, 7, 5.233333, 4.263158
581, 4.952381, 7, 5.233333, 4.263158, 3.117647
582, 7, 5.233333, 4.263158, 3.117647, 2.633333
583, 5.233333, 4.263158, 3.117647, 2.633333, 4.193548
584, 4.263158, 3.117647, 2.633333, 4.193548, 9.15
585, 3.117647, 2.633333, 4.193548, 9.15, 0.375
586, 2.633333, 4.193548, 9.15, 0.375, 4.705882
587, 4.193548, 9.15, 0.375, 4.705882, 5.25
588, 9.15, 0.375, 4.705882, 5.25, 10.875
589, 0.375, 4.705882, 5.25, 10.875, 2.73913
590, 4.705882, 5.25, 10.875, 2.73913, 0.1666667
591, 5.25, 10.875, 2.73913, 0.1666667, 5.066667
592, 10.875, 2.73913, 0.1666667, 5.066667, 0
593, 2.73913, 0.1666667, 5.066667, 0, 4.708333
594, 0.1666667, 5.066667, 0, 4.708333, 13.8
595, 5.066667, 0, 4.708333, 13.8, 2.684211
596, 0, 4.708333, 13.8, 2.684211, 9.125
597, 4.708333, 13.8, 2.684211, 9.125, 5.875
598, 13.8, 2.684211, 9.125, 5.875, 9.777778
599, 2.684211, 9.125, 5.875, 9.777778, 4.684211
600, 9.125, 5.875, 9.777778, 4.684211, 14.4
601, 5.875, 9.777778, 4.684211, 14.4, 8.193548
602, 9.777778, 4.684211, 14.4, 8.193548, 4.565217
603, 4.684211, 14.4, 8.193548, 4.565217, 10.1
604, 14.4, 8.193548, 4.565217, 10.1, 6.736842
605, 8.193548, 4.565217, 10.1, 6.736842, 8.35
606, 4.565217, 10.1, 6.736842, 8.35, 19
607, 10.1, 6.736842, 8.35, 19, 3.08
608, 6.736842, 8.35, 19, 3.08, 4.125
609, 8.35, 19, 3.08, 4.125, 2.863636
610, 19, 3.08, 4.125, 2.863636, 1.6
611, 3.08, 4.125, 2.863636, 1.6, 10.24
612, 4.125, 2.863636, 1.6, 10.24, 4.4
613, 2.863636, 1.6, 10.24, 4.4, 10.13043
614, 1.6, 10.24, 4.4, 10.13043, 1.777778
615, 10.24, 4.4, 10.13043, 1.777778, 9.6875
616, 4.4, 10.13043, 1.777778, 9.6875, 5.666667
617, 10.13043, 1.777778, 9.6875, 5.666667, 13.63158
618, 1.777778, 9.6875, 5.666667, 13.63158, 11.46667
619, 9.6875, 5.666667, 13.63158, 11.46667, 5.193548
620, 5.666667, 13.63158, 11.46667, 5.193548, 1.73913
621, 13.63158, 11.46667, 5.193548, 1.73913, 6.2
622, 11.46667, 5.193548, 1.73913, 6.2, 14.89474
623, 5.193548, 1.73913, 6.2, 14.89474, 3.7
624, 1.73913, 6.2, 14.89474, 3.7, 10.11111
625, 6.2, 14.89474, 3.7, 10.11111, 4.541667
626, 14.89474, 3.7, 10.11111, 4.541667, 1
627, 3.7, 10.11111, 4.541667, 1, 3.047619
628, 10.11111, 4.541667, 1, 3.047619, 0.4
629, 4.541667, 1, 3.047619, 0.4, 4
630, 1, 3.047619, 0.4, 4, 3.8
631, 3.047619, 0.4, 4, 3.8, 5.043478
632, 0.4, 4, 3.8, 5.043478, 7.166667
633, 4, 3.8, 5.043478, 7.166667, 8
634, 3.8, 5.043478, 7.166667, 8, 10.77778
635, 5.043478, 7.166667, 8, 10.77778, 15.22222
636, 7.166667, 8, 10.77778, 15.22222, 31.1
637, 8, 10.77778, 15.22222, 31.1, 22.53125
638, 10.77778, 15.22222, 31.1, 22.53125, 19.52174
639, 15.22222, 31.1, 22.53125, 19.52174, 13.11111
640, 31.1, 22.53125, 19.52174, 13.11111, 15.26316
641, 22.53125, 19.52174, 13.11111, 15.26316, 14.47368
642, 19.52174, 13.11111, 15.26316, 14.47368, 2.888889
643, 13.11111, 15.26316, 14.47368, 2.888889, 4.083333
644, 15.26316, 14.47368, 2.888889, 4.083333, 2.111111
645, 14.47368, 2.888889, 4.083333, 2.111111, 8.65
646, 2.888889, 4.083333, 2.111111, 8.65, 5.75
647, 4.083333, 2.111111, 8.65, 5.75, 9.36
648, 2.111111, 8.65, 5.75, 9.36, 7.2
649, 8.65, 5.75, 9.36, 7.2, 15
650, 5.75, 9.36, 7.2, 15, 16.38889
651, 9.36, 7.2, 15, 16.38889, 16.87097
652, 7.2, 15, 16.38889, 16.87097, 6.444444
653, 15, 16.38889, 16.87097, 6.444444, 20.21053
654, 16.38889, 16.87097, 6.444444, 20.21053, 19.13333
655, 16.87097, 6.444444, 20.21053, 19.13333, 25.21875
656, 6.444444, 20.21053, 19.13333, 25.21875, 29.13043
657, 20.21053, 19.13333, 25.21875, 29.13043, 5
658, 19.13333, 25.21875, 29.13043, 5, 10.31579
659, 25.21875, 29.13043, 5, 10.31579, 8.7
660, 29.13043, 5, 10.31579, 8.7, 1.8
661, 5, 10.31579, 8.7, 1.8, 7.44
662, 10.31579, 8.7, 1.8, 7.44, 4
663, 8.7, 1.8, 7.44, 4, 3
664, 1.8, 7.44, 4, 3, 0
665, 7.44, 4, 3, 0, 1.64
666, 4, 3, 0, 1.64, 0
667, 3, 0, 1.64, 0, 11.13043
668, 0, 1.64, 0, 11.13043, 3.388889
669, 1.64, 0, 11.13043, 3.388889, 12.875
670, 0, 11.13043, 3.388889, 12.875, 24.66667
671, 11.13043, 3.388889, 12.875, 24.66667, 14.73684
672, 3.388889, 12.875, 24.66667, 14.73684, 14.73333
673, 12.875, 24.66667, 14.73684, 14.73333, 20.28125
674, 24.66667, 14.73684, 14.73333, 20.28125, 23.13043
675, 14.73684, 14.73333, 20.28125, 23.13043, 22.5
676, 14.73333, 20.28125, 23.13043, 22.5, 16.47368
677, 20.28125, 23.13043, 22.5, 16.47368, 12.1
678, 23.13043, 22.5, 16.47368, 12.1, 9.2
679, 22.5, 16.47368, 12.1, 9.2, 12.36
680, 16.47368, 12.1, 9.2, 12.36, 3.666667
681, 12.1, 9.2, 12.36, 3.666667, 29.14286
682, 9.2, 12.36, 3.666667, 29.14286, 9.4
683, 12.36, 3.666667, 29.14286, 9.4, 15.45833
684, 3.666667, 29.14286, 9.4, 15.45833, 17.4
685, 29.14286, 9.4, 15.45833, 17.4, 4.173913
686, 9.4, 15.45833, 17.4, 4.173913, 7.888889
687, 15.45833, 17.4, 4.173913, 7.888889, 11.34375
688, 17.4, 4.173913, 7.888889, 11.34375, 8.888889
689, 4.173913, 7.888889, 11.34375, 8.888889, 12.10526
690, 7.888889, 11.34375, 8.888889, 12.10526, 8.266667
691, 11.34375, 8.888889, 12.10526, 8.266667, 15.4375
692, 8.888889, 12.10526, 8.266667, 15.4375, 7.434783
693, 12.10526, 8.266667, 15.4375, 7.434783, 14.2
694, 8.266667, 15.4375, 7.434783, 14.2, 17.78947
695, 15.4375, 7.434783, 14.2, 17.78947, 5
696, 7.434783, 14.2, 17.78947, 5, 4.444444
697, 14.2, 17.78947, 5, 4.444444, 13.625
698, 17.78947, 5, 4.444444, 13.625, 3.888889
699, 5, 4.444444, 13.625, 3.888889, 23
700, 4.444444, 13.625, 3.888889, 23, 3.333333
701, 13.625, 3.888889, 23, 3.333333, 3.08
702, 3.888889, 23, 3.333333, 3.08, 0.4
703, 23, 3.333333, 3.08, 0.4, 2.571429
704, 3.333333, 3.08, 0.4, 2.571429, 2.75
705, 3.08, 0.4, 2.571429, 2.75, 12.2
706, 0.4, 2.571429, 2.75, 12.2, 1.85
707, 2.571429, 2.75, 12.2, 1.85, 20.6875
708, 2.75, 12.2, 1.85, 20.6875, 12.83333
709, 12.2, 1.85, 20.6875, 12.83333, 11.71875
710, 1.85, 20.6875, 12.83333, 11.71875, 18.05263
711, 20.6875, 12.83333, 11.71875, 18.05263, 2.375
712, 12.83333, 11.71875, 18.05263, 2.375, 7.529412
713, 11.71875, 18.05263, 2.375, 7.529412, 2.875
714, 18.05263, 2.375, 7.529412, 2.875, 7.375
715, 2.375, 7.529412, 2.875, 7.375, 13.47826
716, 7.529412, 2.875, 7.375, 13.47826, 1.5
717, 2.875, 7.375, 13.47826, 1.5, 9.466667
718, 7.375, 13.47826, 1.5, 9.466667, 9
719, 13.47826, 1.5, 9.466667, 9, 1.5
720, 1.5, 9.466667, 9, 1.5, 0
721, 9.466667, 9, 1.5, 0, 1.578947
722, 9, 1.5, 0, 1.578947, 1.5
723, 1.5, 0, 1.578947, 1.5, 10.46875
724, 0, 1.578947, 1.5, 10.46875, 3.222222
725, 1.578947, 1.5, 10.46875, 3.222222, 8.631579
726, 1.5, 10.46875, 3.222222, 8.631579, 10.4
727, 10.46875, 3.222222, 8.631579, 10.4, 10.03125
728, 3.222222, 8.631579, 10.4, 10.03125, 3.565217
729, 8.631579, 10.4, 10.03125, 3.565217, 0.5
730, 10.4, 10.03125, 3.565217, 0.5, 7.263158
731, 10.03125, 3.565217, 0.5, 7.263158, 13.85
732, 3.565217, 0.5, 7.263158, 13.85, 3.6
733, 0.5, 7.263158, 13.85, 3.6, 9.64
734, 7.263158, 13.85, 3.6, 9.64, 1.375
735, 13.85, 3.6, 9.64, 1.375, 8.545455
736, 3.6, 9.64, 1.375, 8.545455, 5.4
737, 9.64, 1.375, 8.545455, 5.4, 2.44
738, 1.375, 8.545455, 5.4, 2.44, 0.4
739, 8.545455, 5.4, 2.44, 0.4, 0.2173913
740, 5.4, 2.44, 0.4, 0.2173913, 3.888889
741, 2.44, 0.4, 0.2173913, 3.888889, 5.5
742, 0.4, 0.2173913, 3.888889, 5.5, 5.777778
743, 0.2173913, 3.888889, 5.5, 5.777778, 14.05263
744, 3.888889, 5.5, 5.777778, 14.05263, 6.033333
745, 5.5, 5.777778, 14.05263, 6.033333, 12.40625
746, 5.777778, 14.05263, 6.033333, 12.40625, 3.826087
747, 14.05263, 6.033333, 12.40625, 3.826087, 0.1
748, 6.033333, 12.40625, 3.826087, 0.1, 6.263158
749, 12.40625, 3.826087, 0.1, 6.263158, 6.6
750, 3.826087, 0.1, 6.263158, 6.6, 2.333333
751, 0.1, 6.263158, 6.6, 2.333333, 11.56
752, 6.263158, 6.6, 2.333333, 11.56, 0.3333333
753, 6.6, 2.333333, 11.56, 0.3333333, 2.095238
754, 2.333333, 11.56, 0.3333333, 2.095238, 24.8
755, 11.56, 0.3333333, 2.095238, 24.8, 0.76
756, 0.3333333, 2.095238, 24.8, 0.76, 0.6
757, 2.095238, 24.8, 0.76, 0.6, 2.565217
758, 24.8, 0.76, 0.6, 2.565217, 7.166667
759, 0.76, 0.6, 2.565217, 7.166667, 4.625
760, 0.6, 2.565217, 7.166667, 4.625, 4.166667
761, 2.565217, 7.166667, 4.625, 4.166667, 3.888889
762, 7.166667, 4.625, 4.166667, 3.888889, 3.233333
763, 4.625, 4.166667, 3.888889, 3.233333, 9.21875
764, 4.166667, 3.888889, 3.233333, 9.21875, 2.478261
765, 3.888889, 3.233333, 9.21875, 2.478261, 0.3
766, 3.233333, 9.21875, 2.478261, 0.3, 2.210526
767, 9.21875, 2.478261, 0.3, 2.210526, 5.55
768, 2.478261, 0.3, 2.210526, 5.55, 20.88889
769, 0.3, 2.210526, 5.55, 20.88889, 0.8
770, 2.210526, 5.55, 20.88889, 0.8, 0.7777778
771, 5.55, 20.88889, 0.8, 0.7777778, 4.047619
772, 20.88889, 0.8, 0.7777778, 4.047619, 0
773, 0.8, 0.7777778, 4.047619, 0, 0.2
774, 0.7777778, 4.047619, 0, 0.2, 2.6
775, 4.047619, 0, 0.2, 2.6, 2.347826
776, 0, 0.2, 2.6, 2.347826, 0.8888889
777, 0.2, 2.6, 2.347826, 0.8888889, 7.83871
778, 2.6, 2.347826, 0.8888889, 7.83871, 9.555556
779, 2.347826, 0.8888889, 7.83871, 9.555556, 14.63158
780, 0.8888889, 7.83871, 9.555556, 14.63158, 9.533333
781, 7.83871, 9.555556, 14.63158, 9.533333, 6.15625
782, 9.555556, 14.63158, 9.533333, 6.15625, 10.21739
783, 14.63158, 9.533333, 6.15625, 10.21739, 5.6
784, 9.533333, 6.15625, 10.21739, 5.6, 9.157895
785, 6.15625, 10.21739, 5.6, 9.157895, 20.9
786, 10.21739, 5.6, 9.157895, 20.9, 4.3
787, 5.6, 9.157895, 20.9, 4.3, 7.32
788, 9.157895, 20.9, 4.3, 7.32, 0.3333333
789, 20.9, 4.3, 7.32, 0.3333333, 3.904762
790, 4.3, 7.32, 0.3333333, 3.904762, 0
791, 7.32, 0.3333333, 3.904762, 0, 5.44
792, 0.3333333, 3.904762, 0, 5.44, 4.6
793, 3.904762, 0, 5.44, 4.6, 2.608696
794, 0, 5.44, 4.6, 2.608696, 1
795, 5.44, 4.6, 2.608696, 1, 2.5
796, 4.6, 2.608696, 1, 2.5, 9.888889
797, 2.608696, 1, 2.5, 9.888889, 14.15789
798, 1, 2.5, 9.888889, 14.15789, 5.366667
799, 2.5, 9.888889, 14.15789, 5.366667, 11.28125
800, 9.888889, 14.15789, 5.366667, 11.28125, 14.47826
801, 14.15789, 5.366667, 11.28125, 14.47826, 7.9
802, 5.366667, 11.28125, 14.47826, 7.9, 8.68421
803, 11.28125, 14.47826, 7.9, 8.68421, 11.1
804, 14.47826, 7.9, 8.68421, 11.1, 14.4
805, 7.9, 8.68421, 11.1, 14.4, 6.56
806, 8.68421, 11.1, 14.4, 6.56, 3
807, 11.1, 14.4, 6.56, 3, 5.142857
808, 14.4, 6.56, 3, 5.142857, 0.6
809, 6.56, 3, 5.142857, 0.6, 6.04
810, 3, 5.142857, 0.6, 6.04, 0.6
811, 5.142857, 0.6, 6.04, 0.6, 26.08696
812, 0.6, 6.04, 0.6, 26.08696, 17.83333
813, 6.04, 0.6, 26.08696, 17.83333, 7.375
814, 0.6, 26.08696, 17.83333, 7.375, 13.16667
815, 26.08696, 17.83333, 7.375, 13.16667, 20.63158
816, 17.83333, 7.375, 13.16667, 20.63158, 26.3
817, 7.375, 13.16667, 20.63158, 26.3, 47.125
818, 13.16667, 20.63158, 26.3, 47.125, 51.30435
819, 20.63158, 26.3, 47.125, 51.30435, 68.1
820, 26.3, 47.125, 51.30435, 68.1, 52.31579
821, 47.125, 51.30435, 68.1, 52.31579, 68.57895
822, 51.30435, 68.1, 52.31579, 68.57895, 99.77778
823, 68.1, 52.31579, 68.57895, 99.77778, 84.44
824, 52.31579, 68.57895, 99.77778, 84.44, 107.1111
825, 68.57895, 99.77778, 84.44, 107.1111, 74.57143
826, 99.77778, 84.44, 107.1111, 74.57143, 23.5
827, 84.44, 107.1111, 74.57143, 23.5, 46.32
828, 107.1111, 74.57143, 23.5, 46.32, 14.4
829, 74.57143, 23.5, 46.32, 14.4, 8.142857
830, 23.5, 46.32, 14.4, 8.142857, 19.375
831, 46.32, 14.4, 8.142857, 19.375, 26.93333
832, 14.4, 8.142857, 19.375, 26.93333, 20.05263
833, 8.142857, 19.375, 26.93333, 20.05263, 20.11765
834, 19.375, 26.93333, 20.05263, 20.11765, 25.23333
835, 26.93333, 20.05263, 20.11765, 25.23333, 41
836, 20.05263, 20.11765, 25.23333, 41, 39.47368
837, 20.11765, 25.23333, 41, 39.47368, 23.66667
838, 25.23333, 41, 39.47368, 23.66667, 26.70588
839, 41, 39.47368, 23.66667, 26.70588, 26.4375
840, 39.47368, 23.66667, 26.70588, 26.4375, 38.5
841, 23.66667, 26.70588, 26.4375, 38.5, 15.17391
842, 26.70588, 26.4375, 38.5, 15.17391, 21.83333
843, 26.4375, 38.5, 15.17391, 21.83333, 8.6875
844, 38.5, 15.17391, 21.83333, 8.6875, 4.25
845, 15.17391, 21.83333, 8.6875, 4.25, 4.25
846, 21.83333, 8.6875, 4.25, 4.25, 6
847, 8.6875, 4.25, 4.25, 6, 0.7894737
848, 4.25, 4.25, 6, 0.7894737, 2.5625
849, 4.25, 6, 0.7894737, 2.5625, 9.125
850, 6, 0.7894737, 2.5625, 9.125, 3.944444
851, 0.7894737, 2.5625, 9.125, 3.944444, 3.052632
852, 2.5625, 9.125, 3.944444, 3.052632, 6.533333
853, 9.125, 3.944444, 3.052632, 6.533333, 19.59375
854, 3.944444, 3.052632, 6.533333, 19.59375, 13.30435
855, 3.052632, 6.533333, 19.59375, 13.30435, 0.6
856, 6.533333, 19.59375, 13.30435, 0.6, 27.27778
857, 19.59375, 13.30435, 0.6, 27.27778, 20.95
858, 13.30435, 0.6, 27.27778, 20.95, 18.8
859, 0.6, 27.27778, 20.95, 18.8, 12.52
860, 27.27778, 20.95, 18.8, 12.52, 4.25
861, 20.95, 18.8, 12.52, 4.25, 10.31818
862, 18.8, 12.52, 4.25, 10.31818, 5.8
863, 12.52, 4.25, 10.31818, 5.8, 4.92
864, 4.25, 10.31818, 5.8, 4.92, 10
865, 10.31818, 5.8, 4.92, 10, 5
866, 5.8, 4.92, 10, 5, 7.388889
867, 4.92, 10, 5, 7.388889, 11.09375
868, 10, 5, 7.388889, 11.09375, 13.38889
869, 5, 7.388889, 11.09375, 13.38889, 12.89474
870, 7.388889, 11.09375, 13.38889, 12.89474, 15.16667
871, 11.09375, 13.38889, 12.89474, 15.16667, 18.9375
872, 13.38889, 12.89474, 15.16667, 18.9375, 10.13043
873, 12.89474, 15.16667, 18.9375, 10.13043, 5.2
874, 15.16667, 18.9375, 10.13043, 5.2, 6.263158
875, 18.9375, 10.13043, 5.2, 6.263158, 12.1
876, 10.13043, 5.2, 6.263158, 12.1, 22.66667
877, 5.2, 6.263158, 12.1, 22.66667, 24.72
878, 6.263158, 12.1, 22.66667, 24.72, 35.88889
879, 12.1, 22.66667, 24.72, 35.88889, 33.19048
880, 22.66667, 24.72, 35.88889, 33.19048, 34.2
881, 24.72, 35.88889, 33.19048, 34.2, 32.28
882, 35.88889, 33.19048, 34.2, 32.28, 18.8
883, 33.19048, 34.2, 32.28, 18.8, 13.6087
884, 34.2, 32.28, 18.8, 13.6087, 6.611111
885, 32.28, 18.8, 13.6087, 6.611111, 3.6875
886, 18.8, 13.6087, 6.611111, 3.6875, 8.222222
887, 13.6087, 6.611111, 3.6875, 8.222222, 24.94444
888, 6.611111, 3.6875, 8.222222, 24.94444, 19.26667
889, 3.6875, 8.222222, 24.94444, 19.26667, 16.65625
890, 8.222222, 24.94444, 19.26667, 16.65625, 11.21739
891, 24.94444, 19.26667, 16.65625, 11.21739, 5.5
892, 19.26667, 16.65625, 11.21739, 5.5, 8.368421
893, 16.65625, 11.21739, 5.5, 8.368421, 16.35
894, 11.21739, 5.5, 8.368421, 16.35, 22.88889
895, 5.5, 8.368421, 16.35, 22.88889, 9.64
896, 8.368421, 16.35, 22.88889, 9.64, 18.88889
897, 16.35, 22.88889, 9.64, 18.88889, 24.61905
898, 22.88889, 9.64, 18.88889, 24.61905, 15.5
899, 9.64, 18.88889, 24.61905, 15.5, 19.84
900, 18.88889, 24.61905, 15.5, 19.84, 15.2
901, 24.61905, 15.5, 19.84, 15.2, 8.217391
902, 15.5, 19.84, 15.2, 8.217391, 4.777778
903, 19.84, 15.2, 8.217391, 4.777778, 6.387097
904, 15.2, 8.217391, 4.777778, 6.387097, 13.22222
905, 8.217391, 4.777778, 6.387097, 13.22222, 5.421053
906, 4.777778, 6.387097, 13.22222, 5.421053, 22.23333
907, 6.387097, 13.22222, 5.421053, 22.23333, 12
908, 13.22222, 5.421053, 22.23333, 12, 12.43478
909, 5.421053, 22.23333, 12, 12.43478, 2.8
910, 22.23333, 12, 12.43478, 2.8, 14.21053
911, 12, 12.43478, 2.8, 14.21053, 7
912, 12.43478, 2.8, 14.21053, 7, 27.3
913, 2.8, 14.21053, 7, 27.3, 6.24
914, 14.21053, 7, 27.3, 6.24, 0
915, 7, 27.3, 6.24, 0, 11.95238
916, 27.3, 6.24, 0, 11.95238, 11
917, 6.24, 0, 11.95238, 11, 17.36
918, 0, 11.95238, 11, 17.36, 2.8
919, 11.95238, 11, 17.36, 2.8, 2.086957
920, 11, 17.36, 2.8, 2.086957, 0.3333333
921, 17.36, 2.8, 2.086957, 0.3333333, 3.75
922, 2.8, 2.086957, 0.3333333, 3.75, 17.11111
923, 2.086957, 0.3333333, 3.75, 17.11111, 18.52632
924, 0.3333333, 3.75, 17.11111, 18.52632, 6.633333
925, 3.75, 17.11111, 18.52632, 6.633333, 8.375
926, 17.11111, 18.52632, 6.633333, 8.375, 4.26087
927, 18.52632, 6.633333, 8.375, 4.26087, 11.1
928, 6.633333, 8.375, 4.26087, 11.1, 3.842105
929, 8.375, 4.26087, 11.1, 3.842105, 11.65
930, 4.26087, 11.1, 3.842105, 11.65, 14.3
931, 11.1, 3.842105, 11.65, 14.3, 6.84
932, 3.842105, 11.65, 14.3, 6.84, 4.111111
933, 11.65, 14.3, 6.84, 4.111111, 6.428571
934, 14.3, 6.84, 4.111111, 6.428571, 0.4
935, 6.84, 4.111111, 6.428571, 0.4, 11.16
936, 4.111111, 6.428571, 0.4, 11.16, 4.2
937, 6.428571, 0.4, 11.16, 4.2, 2.478261
938, 0.4, 11.16, 4.2, 2.478261, 2.055556
939, 11.16, 4.2, 2.478261, 2.055556, 7.71875
940, 4.2, 2.478261, 2.055556, 7.71875, 12.5
941, 2.478261, 2.055556, 7.71875, 12.5, 5
942, 2.055556, 7.71875, 12.5, 5, 11.4
943, 7.71875, 12.5, 5, 11.4, 5.75
944, 12.5, 5, 11.4, 5.75, 7.043478
945, 5, 11.4, 5.75, 7.043478, 4.9
946, 11.4, 5.75, 7.043478, 4.9, 9.526316
947, 5.75, 7.043478, 4.9, 9.526316, 9.631579
948, 7.043478, 4.9, 9.526316, 9.631579, 11.75
949, 4.9, 9.526316, 9.631579, 11.75, 7.32
950, 9.526316, 9.631579, 11.75, 7.32, 5.142857
951, 9.631579, 11.75, 7.32, 5.142857, 8.142857
952, 11.75, 7.32, 5.142857, 8.142857, 10.6
953, 7.32, 5.142857, 8.142857, 10.6, 10.52
954, 5.142857, 8.142857, 10.6, 10.52, 2
955, 8.142857, 10.6, 10.52, 2, 10.63158
956, 10.6, 10.52, 2, 10.63158, 7.4
957, 10.52, 2, 10.63158, 7.4, 8.172414
958, 2, 10.63158, 7.4, 8.172414, 8.842105
959, 10.63158, 7.4, 8.172414, 8.842105, 10.9375
960, 7.4, 8.172414, 8.842105, 10.9375, 4.071429
961, 8.172414, 8.842105, 10.9375, 4.071429, 10.96875
962, 8.842105, 10.9375, 4.071429, 10.96875, 8.666667
963, 10.9375, 4.071429, 10.96875, 8.666667, 3.125
964, 4.071429, 10.96875, 8.666667, 3.125, 7.2
965, 10.96875, 8.666667, 3.125, 7.2, 4.133333
966, 8.666667, 3.125, 7.2, 4.133333, 7.75
967, 3.125, 7.2, 4.133333, 7.75, 9.772727
968, 7.2, 4.133333, 7.75, 9.772727, 1.5
969, 4.133333, 7.75, 9.772727, 1.5, 1
970, 7.75, 9.772727, 1.5, 1, 1.75
971, 9.772727, 1.5, 1, 1.75, 4.916667
972, 1.5, 1, 1.75, 4.916667, 0.6
973, 1, 1.75, 4.916667, 0.6, 2.263158
974, 1.75, 4.916667, 0.6, 2.263158, 26.42857
975, 4.916667, 0.6, 2.263158, 26.42857, 5.533333
976, 0.6, 2.263158, 26.42857, 5.533333, 0.9375
977, 2.263158, 26.42857, 5.533333, 0.9375, 14.4
978, 26.42857, 5.533333, 0.9375, 14.4, 13.5
979, 5.533333, 0.9375, 14.4, 13.5, 15.25
980, 0.9375, 14.4, 13.5, 15.25, 23.22727
981, 14.4, 13.5, 15.25, 23.22727, 2.6
982, 13.5, 15.25, 23.22727, 2.6, 25.84211
983, 15.25, 23.22727, 2.6, 25.84211, 6.6
984, 23.22727, 2.6, 25.84211, 6.6, 12.1
985, 2.6, 25.84211, 6.6, 12.1, 40.08
986, 25.84211, 6.6, 12.1, 40.08, 61.125
987, 6.6, 12.1, 40.08, 61.125, 44.5
988, 12.1, 40.08, 61.125, 44.5, 77.2
989, 40.08, 61.125, 44.5, 77.2, 8.68
990, 61.125, 44.5, 77.2, 8.68, 10.4
991, 44.5, 77.2, 8.68, 10.4, 2.391304
992, 77.2, 8.68, 10.4, 2.391304, 6.722222
993, 8.68, 10.4, 2.391304, 6.722222, 15.25
994, 10.4, 2.391304, 6.722222, 15.25, 5.944444
995, 2.391304, 6.722222, 15.25, 5.944444, 14.52632
996, 6.722222, 15.25, 5.944444, 14.52632, 23.1
997, 15.25, 5.944444, 14.52632, 23.1, 15.125
998, 5.944444, 14.52632, 23.1, 15.125, 23.73913
999, 14.52632, 23.1, 15.125, 23.73913, 6.5
1000, 23.1, 15.125, 23.73913, 6.5, 12.84211
1001, 15.125, 23.73913, 6.5, 12.84211, 3.7
1002, 23.73913, 6.5, 12.84211, 3.7, 5.222222
1003, 6.5, 12.84211, 3.7, 5.222222, 7.4
1004, 12.84211, 3.7, 5.222222, 7.4, 15
1005, 3.7, 5.222222, 7.4, 15, 15.66667
1006, 5.222222, 7.4, 15, 15.66667, 7.2
1007, 7.4, 15, 15.66667, 7.2, 6.791667
1008, 15, 15.66667, 7.2, 6.791667, 0.2
1009, 15.66667, 7.2, 6.791667, 0.2, 5.565217
1010, 7.2, 6.791667, 0.2, 5.565217, 1.611111
1011, 6.791667, 0.2, 5.565217, 1.611111, 12
1012, 0.2, 5.565217, 1.611111, 12, 6.166667
1013, 5.565217, 1.611111, 12, 6.166667, 4.611111
1014, 1.611111, 12, 6.166667, 4.611111, 10.36667
1015, 12, 6.166667, 4.611111, 10.36667, 6.96875
1016, 6.166667, 4.611111, 10.36667, 6.96875, 13.52174
1017, 4.611111, 10.36667, 6.96875, 13.52174, 14
1018, 10.36667, 6.96875, 13.52174, 14, 6.052632
1019, 6.96875, 13.52174, 14, 6.052632, 5.5
1020, 13.52174, 14, 6.052632, 5.5, 9.888889
1021, 14, 6.052632, 5.5, 9.888889, 12
1022, 6.052632, 5.5, 9.888889, 12, 6.111111
1023, 5.5, 9.888889, 12, 6.111111, 7.904762
1024, 9.888889, 12, 6.111111, 7.904762, 0
